ID,Response,Measured times (s),,,,,,,,
1,"Explain the concept of quantum entanglement in simple terms, suitable for a high school student.",2.32,3.53,2.49,,,,,,
2,"Write a short, engaging story about a robot who discovers music for the first time.",2.28,3.39,4.84,,,,,,
3,Draft a professional email to a supervisor requesting a one-week extension on a project deadline.,3.25,2.85,2.59,,,,,,
4,Compare and contrast the political philosophies of Plato and Aristotle.,2.56,2.87,2.55,,,,,,
5,What are the key differences between a black hole and a supernova?,3.36,2.36,2.36,,,,,,
6,"Generate a list of 10 unique, healthy dinner recipes that take less than 30 minutes to prepare.",2.96,2.44,4.74,,,,,,
7,Write a Python function to perform a binary search on a sorted list of integers.,3.43,2.88,3.60,,,,,,
8,Summarize the main arguments of the book Sapiens: A Brief History of Humankind by Yuval Noah Harari.,2.54,2.62,2.49,,,,,,
9,"Translate the following sentence into French: ""The weather is beautiful today, and I plan to go for a long walk.""",1.79,1.68,1.76,,,,,,
10,"Act as a travel agent and suggest a five-day itinerary for a trip to Tokyo, focusing on culture and food.",2.38,2.96,2.58,,,,,,
11,"Create a table listing the capital, population, and major industries of Canada, Brazil, and Germany.",2.86,2.71,2.86,,,,,,
12,Design a 4-week strength training workout plan for an intermediate lifter.,4.22,5.85,1.77,,,,,,
13,Give me a detailed explanation of how a combustion engine works.,2.28,2.37,2.54,,,,,,
14,Write a haiku about the first snowfall of winter.,1.81,1.84,1.84,,,,,,
15,What are the pros and cons of implementing a four-day work week?,2.68,2.81,2.57,,,,,,
16,Analyze the themes and symbolism in Shakespeare's play Macbeth.,2.46,2.26,2.02,,,,,,
17,I'm writing a fantasy novel. Give me five unique names for a mystical forest.,1.56,1.10,1.30,,,,,,
18,"Generate a multiple-choice quiz question about the causes of the American Civil War, including four options and the correct answer.",1.41,1.30,1.39,,,,,,
19,"Explain the process of photosynthesis, step by step.",2.64,2.52,2.57,,,,,,
20,"Rewrite the following paragraph to be more concise and active: ""The meeting was attended by the entire team, and a lot of discussion about the new marketing strategy was had by everyone involved.""",1.65,1.31,1.23,,,,,,
AVERAGE,,2.52,2.58,2.50,,,,,,
TOTAL AVERAGE,,2.54,,,,,,,,
